AREA_m2,BUILDING,SURFACE,TYPE,Xcoor,Xdir,Ycoor,Ydir,Zcoor,Zdir,orientation
16.1750770038,Z0004,srf0,walls,680782.177489,-0.849362706049,245995.416135,-0.527809618681,195.870274762,0.0,west
8.08753850192,Z0004,srf1,walls,680782.177489,-0.849362706049,245995.416135,-0.527809618681,195.401524762,0.0,west
8.08753850185,Z0004,srf2,walls,680773.070971,-0.849362706049,246010.070543,-0.527809618681,194.464024762,0.0,west
16.1750770038,Z0004,srf3,walls,680775.3476,-0.849362706049,246006.406941,-0.527809618681,194.464024762,0.0,west
8.08753850192,Z0004,srf4,walls,680768.517711,-0.849362706049,246017.397747,-0.527809618681,196.339024762,0.0,west
16.1750770038,Z0004,srf5,walls,680768.517711,-0.849362706049,246017.397747,-0.527809618681,195.870274762,0.0,west
16.1750770038,Z0004,srf6,walls,680775.3476,-0.849362706049,246006.406941,-0.527809618681,197.276524762,0.0,west
8.08753850185,Z0004,srf7,walls,680773.070971,-0.849362706049,246010.070543,-0.527809618681,197.276524762,0.0,west
7.12117582854,Z0004,srf8,walls,680770.364761,-0.846506634208,246025.830897,-0.532378172206,195.870274762,0.0,west
3.56058791427,Z0004,srf9,walls,680770.364761,-0.846506634208,246025.830897,-0.532378172206,195.401524762,0.0,west
3.56058791426,Z0004,srf10,walls,680766.320858,-0.846506634208,246032.260895,-0.532378172206,194.464024762,0.0,west
7.12117582853,Z0004,srf11,walls,680767.331834,-0.846506634208,246030.653396,-0.532378172206,194.464024762,0.0,west
3.56058791427,Z0004,srf12,walls,680764.298907,-0.846506634208,246035.475894,-0.532378172206,196.339024762,0.0,west
7.12117582854,Z0004,srf13,walls,680764.298907,-0.846506634208,246035.475894,-0.532378172206,195.870274762,0.0,west
7.12117582853,Z0004,srf14,walls,680767.331834,-0.846506634208,246030.653396,-0.532378172206,197.276524762,0.0,west
3.56058791426,Z0004,srf15,walls,680766.320858,-0.846506634208,246032.260895,-0.532378172206,197.276524762,0.0,west
16.1429407216,Z0004,srf16,walls,680755.340569,-0.85209922382,246037.276171,-0.523380275483,195.870274762,0.0,west
8.07147036078,Z0004,srf17,walls,680755.340569,-0.85209922382,246037.276171,-0.523380275483,195.401524762,0.0,west
8.07147036073,Z0004,srf18,walls,680746.328412,-0.85209922382,246051.948584,-0.523380275483,194.464024762,0.0,west
16.1429407215,Z0004,srf19,walls,680748.581451,-0.85209922382,246048.28048,-0.523380275483,194.464024762,0.0,west
8.07147036078,Z0004,srf20,walls,680741.822334,-0.85209922382,246059.28479,-0.523380275483,196.339024762,0.0,west
16.1429407216,Z0004,srf21,walls,680741.822334,-0.85209922382,246059.28479,-0.523380275483,195.870274762,0.0,west
16.1429407215,Z0004,srf22,walls,680748.581451,-0.85209922382,246048.28048,-0.523380275483,197.276524762,0.0,west
8.07147036073,Z0004,srf23,walls,680746.328412,-0.85209922382,246051.948584,-0.523380275483,197.276524762,0.0,west
16.1750770038,Z0004,srf24,walls,680782.177489,-0.849362706049,245995.416135,-0.527809618681,199.620274762,0.0,west
8.08753850192,Z0004,srf25,walls,680782.177489,-0.849362706049,245995.416135,-0.527809618681,199.151524762,0.0,west
8.08753850185,Z0004,srf26,walls,680773.070971,-0.849362706049,246010.070543,-0.527809618681,198.214024762,0.0,west
16.1750770038,Z0004,srf27,walls,680775.3476,-0.849362706049,246006.406941,-0.527809618681,198.214024762,0.0,west
8.08753850192,Z0004,srf28,walls,680768.517711,-0.849362706049,246017.397747,-0.527809618681,200.089024762,0.0,west
16.1750770038,Z0004,srf29,walls,680768.517711,-0.849362706049,246017.397747,-0.527809618681,199.620274762,0.0,west
16.1750770038,Z0004,srf30,walls,680775.3476,-0.849362706049,246006.406941,-0.527809618681,201.026524762,0.0,west
8.08753850185,Z0004,srf31,walls,680773.070971,-0.849362706049,246010.070543,-0.527809618681,201.026524762,0.0,west
7.12117582854,Z0004,srf32,walls,680770.364761,-0.846506634208,246025.830897,-0.532378172206,199.620274762,0.0,west
3.56058791427,Z0004,srf33,walls,680770.364761,-0.846506634208,246025.830897,-0.532378172206,199.151524762,0.0,west
3.56058791426,Z0004,srf34,walls,680766.320858,-0.846506634208,246032.260895,-0.532378172206,198.214024762,0.0,west
7.12117582853,Z0004,srf35,walls,680767.331834,-0.846506634208,246030.653396,-0.532378172206,198.214024762,0.0,west
3.56058791427,Z0004,srf36,walls,680764.298907,-0.846506634208,246035.475894,-0.532378172206,200.089024762,0.0,west
7.12117582854,Z0004,srf37,walls,680764.298907,-0.846506634208,246035.475894,-0.532378172206,199.620274762,0.0,west
7.12117582853,Z0004,srf38,walls,680767.331834,-0.846506634208,246030.653396,-0.532378172206,201.026524762,0.0,west
3.56058791426,Z0004,srf39,walls,680766.320858,-0.846506634208,246032.260895,-0.532378172206,201.026524762,0.0,west
16.1429407216,Z0004,srf40,walls,680755.340569,-0.85209922382,246037.276171,-0.523380275483,199.620274762,0.0,west
8.07147036078,Z0004,srf41,walls,680755.340569,-0.85209922382,246037.276171,-0.523380275483,199.151524762,0.0,west
8.07147036073,Z0004,srf42,walls,680746.328412,-0.85209922382,246051.948584,-0.523380275483,198.214024762,0.0,west
16.1429407215,Z0004,srf43,walls,680748.581451,-0.85209922382,246048.28048,-0.523380275483,198.214024762,0.0,west
8.07147036078,Z0004,srf44,walls,680741.822334,-0.85209922382,246059.28479,-0.523380275483,200.089024762,0.0,west
16.1429407216,Z0004,srf45,walls,680741.822334,-0.85209922382,246059.28479,-0.523380275483,199.620274762,0.0,west
16.1429407215,Z0004,srf46,walls,680748.581451,-0.85209922382,246048.28048,-0.523380275483,201.026524762,0.0,west
8.07147036073,Z0004,srf47,walls,680746.328412,-0.85209922382,246051.948584,-0.523380275483,201.026524762,0.0,west
16.1750770038,Z0004,srf48,walls,680782.177489,-0.849362706049,245995.416135,-0.527809618681,203.370274762,0.0,west
8.08753850192,Z0004,srf49,walls,680782.177489,-0.849362706049,245995.416135,-0.527809618681,202.901524762,0.0,west
8.08753850185,Z0004,srf50,walls,680773.070971,-0.849362706049,246010.070543,-0.527809618681,201.964024762,0.0,west
16.1750770038,Z0004,srf51,walls,680775.3476,-0.849362706049,246006.406941,-0.527809618681,201.964024762,0.0,west
8.08753850192,Z0004,srf52,walls,680768.517711,-0.849362706049,246017.397747,-0.527809618681,203.839024762,0.0,west
16.1750770038,Z0004,srf53,walls,680768.517711,-0.849362706049,246017.397747,-0.527809618681,203.370274762,0.0,west
16.1750770038,Z0004,srf54,walls,680775.3476,-0.849362706049,246006.406941,-0.527809618681,204.776524762,0.0,west
8.08753850185,Z0004,srf55,walls,680773.070971,-0.849362706049,246010.070543,-0.527809618681,204.776524762,0.0,west
7.12117582854,Z0004,srf56,walls,680770.364761,-0.846506634208,246025.830897,-0.532378172206,203.370274762,0.0,west
3.56058791427,Z0004,srf57,walls,680770.364761,-0.846506634208,246025.830897,-0.532378172206,202.901524762,0.0,west
3.56058791426,Z0004,srf58,walls,680766.320858,-0.846506634208,246032.260895,-0.532378172206,201.964024762,0.0,west
7.12117582853,Z0004,srf59,walls,680767.331834,-0.846506634208,246030.653396,-0.532378172206,201.964024762,0.0,west
3.56058791427,Z0004,srf60,walls,680764.298907,-0.846506634208,246035.475894,-0.532378172206,203.839024762,0.0,west
7.12117582854,Z0004,srf61,walls,680764.298907,-0.846506634208,246035.475894,-0.532378172206,203.370274762,0.0,west
7.12117582853,Z0004,srf62,walls,680767.331834,-0.846506634208,246030.653396,-0.532378172206,204.776524762,0.0,west
3.56058791426,Z0004,srf63,walls,680766.320858,-0.846506634208,246032.260895,-0.532378172206,204.776524762,0.0,west
16.1429407216,Z0004,srf64,walls,680755.340569,-0.85209922382,246037.276171,-0.523380275483,203.370274762,0.0,west
8.07147036078,Z0004,srf65,walls,680755.340569,-0.85209922382,246037.276171,-0.523380275483,202.901524762,0.0,west
8.07147036073,Z0004,srf66,walls,680746.328412,-0.85209922382,246051.948584,-0.523380275483,201.964024762,0.0,west
16.1429407215,Z0004,srf67,walls,680748.581451,-0.85209922382,246048.28048,-0.523380275483,201.964024762,0.0,west
8.07147036078,Z0004,srf68,walls,680741.822334,-0.85209922382,246059.28479,-0.523380275483,203.839024762,0.0,west
16.1429407216,Z0004,srf69,walls,680741.822334,-0.85209922382,246059.28479,-0.523380275483,203.370274762,0.0,west
16.1429407215,Z0004,srf70,walls,680748.581451,-0.85209922382,246048.28048,-0.523380275483,204.776524762,0.0,west
8.07147036073,Z0004,srf71,walls,680746.328412,-0.85209922382,246051.948584,-0.523380275483,204.776524762,0.0,west
16.1750770038,Z0004,srf72,walls,680782.177489,-0.849362706049,245995.416135,-0.527809618681,207.120274762,0.0,west
8.08753850192,Z0004,srf73,walls,680782.177489,-0.849362706049,245995.416135,-0.527809618681,206.651524762,0.0,west
8.08753850185,Z0004,srf74,walls,680773.070971,-0.849362706049,246010.070543,-0.527809618681,205.714024762,0.0,west
16.1750770038,Z0004,srf75,walls,680775.3476,-0.849362706049,246006.406941,-0.527809618681,205.714024762,0.0,west
8.08753850192,Z0004,srf76,walls,680768.517711,-0.849362706049,246017.397747,-0.527809618681,207.589024762,0.0,west
16.1750770038,Z0004,srf77,walls,680768.517711,-0.849362706049,246017.397747,-0.527809618681,207.120274762,0.0,west
16.1750770038,Z0004,srf78,walls,680775.3476,-0.849362706049,246006.406941,-0.527809618681,208.526524762,0.0,west
8.08753850185,Z0004,srf79,walls,680773.070971,-0.849362706049,246010.070543,-0.527809618681,208.526524762,0.0,west
7.12117582854,Z0004,srf80,walls,680770.364761,-0.846506634208,246025.830897,-0.532378172206,207.120274762,0.0,west
3.56058791427,Z0004,srf81,walls,680770.364761,-0.846506634208,246025.830897,-0.532378172206,206.651524762,0.0,west
3.56058791426,Z0004,srf82,walls,680766.320858,-0.846506634208,246032.260895,-0.532378172206,205.714024762,0.0,west
7.12117582853,Z0004,srf83,walls,680767.331834,-0.846506634208,246030.653396,-0.532378172206,205.714024762,0.0,west
3.56058791427,Z0004,srf84,walls,680764.298907,-0.846506634208,246035.475894,-0.532378172206,207.589024762,0.0,west
7.12117582854,Z0004,srf85,walls,680764.298907,-0.846506634208,246035.475894,-0.532378172206,207.120274762,0.0,west
7.12117582853,Z0004,srf86,walls,680767.331834,-0.846506634208,246030.653396,-0.532378172206,208.526524762,0.0,west
3.56058791426,Z0004,srf87,walls,680766.320858,-0.846506634208,246032.260895,-0.532378172206,208.526524762,0.0,west
16.1429407216,Z0004,srf88,walls,680755.340569,-0.85209922382,246037.276171,-0.523380275483,207.120274762,0.0,west
8.07147036078,Z0004,srf89,walls,680755.340569,-0.85209922382,246037.276171,-0.523380275483,206.651524762,0.0,west
8.07147036073,Z0004,srf90,walls,680746.328412,-0.85209922382,246051.948584,-0.523380275483,205.714024762,0.0,west
16.1429407215,Z0004,srf91,walls,680748.581451,-0.85209922382,246048.28048,-0.523380275483,205.714024762,0.0,west
8.07147036078,Z0004,srf92,walls,680741.822334,-0.85209922382,246059.28479,-0.523380275483,207.589024762,0.0,west
16.1429407216,Z0004,srf93,walls,680741.822334,-0.85209922382,246059.28479,-0.523380275483,207.120274762,0.0,west
16.1429407215,Z0004,srf94,walls,680748.581451,-0.85209922382,246048.28048,-0.523380275483,208.526524762,0.0,west
8.07147036073,Z0004,srf95,walls,680746.328412,-0.85209922382,246051.948584,-0.523380275483,208.526524762,0.0,west
23.2663302702,Z0004,srf96,walls,680751.482162,0.870146840088,246062.95694,0.492792529048,195.870274762,-0.0,east
11.6331651351,Z0004,srf97,walls,680751.482162,0.870146840088,246062.95694,0.492792529048,195.401524762,-0.0,east
11.6331651352,Z0004,srf98,walls,680763.712001,0.870146840088,246041.362141,0.492792529048,194.464024762,-0.0,east
23.2663302703,Z0004,srf99,walls,680760.654541,0.870146840088,246046.760841,0.492792529048,194.464024762,-0.0,east
11.6331651351,Z0004,srf100,walls,680769.82692,0.870146840088,246030.564742,0.492792529048,196.339024762,-0.0,east
23.2663302702,Z0004,srf101,walls,680769.82692,0.870146840088,246030.564742,0.492792529048,195.870274762,-0.0,east
23.2663302703,Z0004,srf102,walls,680760.654541,0.870146840088,246046.760841,0.492792529048,197.276524762,-0.0,east
11.6331651352,Z0004,srf103,walls,680763.712001,0.870146840088,246041.362141,0.492792529048,197.276524762,-0.0,east
16.1732449931,Z0004,srf104,walls,680777.25878,0.849461139412,246022.788253,0.527651184618,195.870274762,-0.0,east
8.08662249656,Z0004,srf105,walls,680777.25878,0.849461139412,246022.788253,0.527651184618,195.401524762,-0.0,east
8.08662249656,Z0004,srf106,walls,680786.361534,0.849461139412,246008.133807,0.527651184618,194.464024762,-0.0,east
16.1732449931,Z0004,srf107,walls,680784.085846,0.849461139412,246011.797419,0.527651184618,194.464024762,-0.0,east
8.08662249656,Z0004,srf108,walls,680790.912911,0.849461139412,246000.806584,0.527651184618,196.339024762,-0.0,east
16.1732449931,Z0004,srf109,walls,680790.912911,0.849461139412,246000.806584,0.527651184618,195.870274762,-0.0,east
16.1732449931,Z0004,srf110,walls,680784.085846,0.849461139412,246011.797419,0.527651184618,197.276524762,-0.0,east
8.08662249656,Z0004,srf111,walls,680786.361534,0.849461139412,246008.133807,0.527651184618,197.276524762,-0.0,east
23.2663302702,Z0004,srf112,walls,680751.482162,0.870146840088,246062.95694,0.492792529048,199.620274762,-0.0,east
11.6331651351,Z0004,srf113,walls,680751.482162,0.870146840088,246062.95694,0.492792529048,199.151524762,-0.0,east
11.6331651352,Z0004,srf114,walls,680763.712001,0.870146840088,246041.362141,0.492792529048,198.214024762,-0.0,east
23.2663302703,Z0004,srf115,walls,680760.654541,0.870146840088,246046.760841,0.492792529048,198.214024762,-0.0,east
11.6331651351,Z0004,srf116,walls,680769.82692,0.870146840088,246030.564742,0.492792529048,200.089024762,-0.0,east
23.2663302702,Z0004,srf117,walls,680769.82692,0.870146840088,246030.564742,0.492792529048,199.620274762,-0.0,east
23.2663302703,Z0004,srf118,walls,680760.654541,0.870146840088,246046.760841,0.492792529048,201.026524762,-0.0,east
11.6331651352,Z0004,srf119,walls,680763.712001,0.870146840088,246041.362141,0.492792529048,201.026524762,-0.0,east
16.1732449931,Z0004,srf120,walls,680777.25878,0.849461139412,246022.788253,0.527651184618,199.620274762,-0.0,east
8.08662249656,Z0004,srf121,walls,680777.25878,0.849461139412,246022.788253,0.527651184618,199.151524762,-0.0,east
8.08662249656,Z0004,srf122,walls,680786.361534,0.849461139412,246008.133807,0.527651184618,198.214024762,-0.0,east
16.1732449931,Z0004,srf123,walls,680784.085846,0.849461139412,246011.797419,0.527651184618,198.214024762,-0.0,east
8.08662249656,Z0004,srf124,walls,680790.912911,0.849461139412,246000.806584,0.527651184618,200.089024762,-0.0,east
16.1732449931,Z0004,srf125,walls,680790.912911,0.849461139412,246000.806584,0.527651184618,199.620274762,-0.0,east
16.1732449931,Z0004,srf126,walls,680784.085846,0.849461139412,246011.797419,0.527651184618,201.026524762,-0.0,east
8.08662249656,Z0004,srf127,walls,680786.361534,0.849461139412,246008.133807,0.527651184618,201.026524762,-0.0,east
23.2663302702,Z0004,srf128,walls,680751.482162,0.870146840088,246062.95694,0.492792529048,203.370274762,-0.0,east
11.6331651351,Z0004,srf129,walls,680751.482162,0.870146840088,246062.95694,0.492792529048,202.901524762,-0.0,east
11.6331651352,Z0004,srf130,walls,680763.712001,0.870146840088,246041.362141,0.492792529048,201.964024762,-0.0,east
23.2663302703,Z0004,srf131,walls,680760.654541,0.870146840088,246046.760841,0.492792529048,201.964024762,-0.0,east
11.6331651351,Z0004,srf132,walls,680769.82692,0.870146840088,246030.564742,0.492792529048,203.839024762,-0.0,east
23.2663302702,Z0004,srf133,walls,680769.82692,0.870146840088,246030.564742,0.492792529048,203.370274762,-0.0,east
23.2663302703,Z0004,srf134,walls,680760.654541,0.870146840088,246046.760841,0.492792529048,204.776524762,-0.0,east
11.6331651352,Z0004,srf135,walls,680763.712001,0.870146840088,246041.362141,0.492792529048,204.776524762,-0.0,east
16.1732449931,Z0004,srf136,walls,680777.25878,0.849461139412,246022.788253,0.527651184618,203.370274762,-0.0,east
8.08662249656,Z0004,srf137,walls,680777.25878,0.849461139412,246022.788253,0.527651184618,202.901524762,-0.0,east
8.08662249656,Z0004,srf138,walls,680786.361534,0.849461139412,246008.133807,0.527651184618,201.964024762,-0.0,east
16.1732449931,Z0004,srf139,walls,680784.085846,0.849461139412,246011.797419,0.527651184618,201.964024762,-0.0,east
8.08662249656,Z0004,srf140,walls,680790.912911,0.849461139412,246000.806584,0.527651184618,203.839024762,-0.0,east
16.1732449931,Z0004,srf141,walls,680790.912911,0.849461139412,246000.806584,0.527651184618,203.370274762,-0.0,east
16.1732449931,Z0004,srf142,walls,680784.085846,0.849461139412,246011.797419,0.527651184618,204.776524762,-0.0,east
8.08662249656,Z0004,srf143,walls,680786.361534,0.849461139412,246008.133807,0.527651184618,204.776524762,-0.0,east
23.2663302702,Z0004,srf144,walls,680751.482162,0.870146840088,246062.95694,0.492792529048,207.120274762,-0.0,east
11.6331651351,Z0004,srf145,walls,680751.482162,0.870146840088,246062.95694,0.492792529048,206.651524762,-0.0,east
11.6331651352,Z0004,srf146,walls,680763.712001,0.870146840088,246041.362141,0.492792529048,205.714024762,-0.0,east
23.2663302703,Z0004,srf147,walls,680760.654541,0.870146840088,246046.760841,0.492792529048,205.714024762,-0.0,east
11.6331651351,Z0004,srf148,walls,680769.82692,0.870146840088,246030.564742,0.492792529048,207.589024762,-0.0,east
23.2663302702,Z0004,srf149,walls,680769.82692,0.870146840088,246030.564742,0.492792529048,207.120274762,-0.0,east
23.2663302703,Z0004,srf150,walls,680760.654541,0.870146840088,246046.760841,0.492792529048,208.526524762,-0.0,east
11.6331651352,Z0004,srf151,walls,680763.712001,0.870146840088,246041.362141,0.492792529048,208.526524762,-0.0,east
16.1732449931,Z0004,srf152,walls,680777.25878,0.849461139412,246022.788253,0.527651184618,207.120274762,-0.0,east
8.08662249656,Z0004,srf153,walls,680777.25878,0.849461139412,246022.788253,0.527651184618,206.651524762,-0.0,east
8.08662249656,Z0004,srf154,walls,680786.361534,0.849461139412,246008.133807,0.527651184618,205.714024762,-0.0,east
16.1732449931,Z0004,srf155,walls,680784.085846,0.849461139412,246011.797419,0.527651184618,205.714024762,-0.0,east
8.08662249656,Z0004,srf156,walls,680790.912911,0.849461139412,246000.806584,0.527651184618,207.589024762,-0.0,east
16.1732449931,Z0004,srf157,walls,680790.912911,0.849461139412,246000.806584,0.527651184618,207.120274762,-0.0,east
16.1732449931,Z0004,srf158,walls,680784.085846,0.849461139412,246011.797419,0.527651184618,208.526524762,-0.0,east
8.08662249656,Z0004,srf159,walls,680786.361534,0.849461139412,246008.133807,0.527651184618,208.526524762,-0.0,east
2.82665296266,Z0004,srf160,walls,680766.88616,-0.524377070972,246021.470404,0.851486163974,195.870274762,-0.0,north
1.41332648133,Z0004,srf161,walls,680766.88616,-0.524377070972,246021.470404,0.851486163974,195.401524762,-0.0,north
1.41332648132,Z0004,srf162,walls,680769.453473,-0.524377070972,246023.051451,0.851486163974,194.464024762,-0.0,north
2.82665296263,Z0004,srf163,walls,680768.811645,-0.524377070972,246022.656189,0.851486163974,194.464024762,-0.0,north
1.4133264813,Z0004,srf164,walls,680770.737129,-0.524377070972,246023.841975,0.851486163974,196.339024762,-0.0,north
2.82665296261,Z0004,srf165,walls,680770.737129,-0.524377070972,246023.841975,0.851486163974,195.870274762,-0.0,north
2.82665296263,Z0004,srf166,walls,680768.811645,-0.524377070972,246022.656189,0.851486163974,197.276524762,-0.0,north
1.41332648132,Z0004,srf167,walls,680769.453473,-0.524377070972,246023.051451,0.851486163974,197.276524762,-0.0,north
4.85316966504,Z0004,srf168,walls,680740.677381,-0.520850101228,246063.640737,0.853648154716,195.870274762,-0.0,north
2.42658483252,Z0004,srf169,walls,680740.677381,-0.520850101228,246063.640737,0.853648154716,195.401524762,-0.0,north
2.42658483252,Z0004,srf170,walls,680745.096473,-0.520850101228,246066.337029,0.853648154716,194.464024762,-0.0,north
4.85316966504,Z0004,srf171,walls,680743.9917,-0.520850101228,246065.662956,0.853648154716,194.464024762,-0.0,north
2.42658483252,Z0004,srf172,walls,680747.30602,-0.520850101228,246067.685175,0.853648154716,196.339024762,-0.0,north
4.85316966504,Z0004,srf173,walls,680747.30602,-0.520850101228,246067.685175,0.853648154716,195.870274762,-0.0,north
4.85316966504,Z0004,srf174,walls,680743.9917,-0.520850101228,246065.662956,0.853648154716,197.276524762,-0.0,north
2.42658483252,Z0004,srf175,walls,680745.096473,-0.520850101228,246066.337029,0.853648154716,197.276524762,-0.0,north
1.15372547803,Z0004,srf176,walls,680773.919915,-0.522278535137,246025.812379,0.852774959608,194.464024762,-0.0,north
0.576862738996,Z0004,srf177,walls,680773.65755,-0.522278535137,246025.651695,0.852774959608,194.464024762,-0.0,north
0.576862739082,Z0004,srf178,walls,680773.132821,-0.522278535137,246025.330326,0.852774959608,196.339024762,-0.0,north
1.15372547816,Z0004,srf179,walls,680773.132821,-0.522278535137,246025.330326,0.852774959608,195.870274762,-0.0,north
0.576862738989,Z0004,srf180,walls,680774.70701,-0.522278535137,246026.294432,0.852774959608,196.339024762,-0.0,north
0.576862738996,Z0004,srf181,walls,680774.18228,-0.522278535137,246025.973063,0.852774959608,197.276524762,-0.0,north
1.15372547798,Z0004,srf182,walls,680774.70701,-0.522278535137,246026.294432,0.852774959608,195.870274762,-0.0,north
1.15372547803,Z0004,srf183,walls,680773.919915,-0.522278535137,246025.812379,0.852774959608,197.276524762,-0.0,north
2.82665296266,Z0004,srf184,walls,680766.88616,-0.524377070972,246021.470404,0.851486163974,199.620274762,-0.0,north
1.41332648133,Z0004,srf185,walls,680766.88616,-0.524377070972,246021.470404,0.851486163974,199.151524762,-0.0,north
1.41332648132,Z0004,srf186,walls,680769.453473,-0.524377070972,246023.051451,0.851486163974,198.214024762,-0.0,north
2.82665296263,Z0004,srf187,walls,680768.811645,-0.524377070972,246022.656189,0.851486163974,198.214024762,-0.0,north
1.4133264813,Z0004,srf188,walls,680770.737129,-0.524377070972,246023.841975,0.851486163974,200.089024762,-0.0,north
2.82665296261,Z0004,srf189,walls,680770.737129,-0.524377070972,246023.841975,0.851486163974,199.620274762,-0.0,north
2.82665296263,Z0004,srf190,walls,680768.811645,-0.524377070972,246022.656189,0.851486163974,201.026524762,-0.0,north
1.41332648132,Z0004,srf191,walls,680769.453473,-0.524377070972,246023.051451,0.851486163974,201.026524762,-0.0,north
4.85316966504,Z0004,srf192,walls,680740.677381,-0.520850101228,246063.640737,0.853648154716,199.620274762,-0.0,north
2.42658483252,Z0004,srf193,walls,680740.677381,-0.520850101228,246063.640737,0.853648154716,199.151524762,-0.0,north
2.42658483252,Z0004,srf194,walls,680745.096473,-0.520850101228,246066.337029,0.853648154716,198.214024762,-0.0,north
4.85316966504,Z0004,srf195,walls,680743.9917,-0.520850101228,246065.662956,0.853648154716,198.214024762,-0.0,north
2.42658483252,Z0004,srf196,walls,680747.30602,-0.520850101228,246067.685175,0.853648154716,200.089024762,-0.0,north
4.85316966504,Z0004,srf197,walls,680747.30602,-0.520850101228,246067.685175,0.853648154716,199.620274762,-0.0,north
4.85316966504,Z0004,srf198,walls,680743.9917,-0.520850101228,246065.662956,0.853648154716,201.026524762,-0.0,north
2.42658483252,Z0004,srf199,walls,680745.096473,-0.520850101228,246066.337029,0.853648154716,201.026524762,-0.0,north
1.15372547803,Z0004,srf200,walls,680773.919915,-0.522278535137,246025.812379,0.852774959608,198.214024762,-0.0,north
0.576862738996,Z0004,srf201,walls,680773.65755,-0.522278535137,246025.651695,0.852774959608,198.214024762,-0.0,north
0.576862739082,Z0004,srf202,walls,680773.132821,-0.522278535137,246025.330326,0.852774959608,200.089024762,-0.0,north
1.15372547816,Z0004,srf203,walls,680773.132821,-0.522278535137,246025.330326,0.852774959608,199.620274762,-0.0,north
0.576862738989,Z0004,srf204,walls,680774.70701,-0.522278535137,246026.294432,0.852774959608,200.089024762,-0.0,north
0.576862738996,Z0004,srf205,walls,680774.18228,-0.522278535137,246025.973063,0.852774959608,201.026524762,-0.0,north
1.15372547798,Z0004,srf206,walls,680774.70701,-0.522278535137,246026.294432,0.852774959608,199.620274762,-0.0,north
1.15372547803,Z0004,srf207,walls,680773.919915,-0.522278535137,246025.812379,0.852774959608,201.026524762,-0.0,north
2.82665296266,Z0004,srf208,walls,680766.88616,-0.524377070972,246021.470404,0.851486163974,203.370274762,-0.0,north
1.41332648133,Z0004,srf209,walls,680766.88616,-0.524377070972,246021.470404,0.851486163974,202.901524762,-0.0,north
1.41332648132,Z0004,srf210,walls,680769.453473,-0.524377070972,246023.051451,0.851486163974,201.964024762,-0.0,north
2.82665296263,Z0004,srf211,walls,680768.811645,-0.524377070972,246022.656189,0.851486163974,201.964024762,-0.0,north
1.4133264813,Z0004,srf212,walls,680770.737129,-0.524377070972,246023.841975,0.851486163974,203.839024762,-0.0,north
2.82665296261,Z0004,srf213,walls,680770.737129,-0.524377070972,246023.841975,0.851486163974,203.370274762,-0.0,north
2.82665296263,Z0004,srf214,walls,680768.811645,-0.524377070972,246022.656189,0.851486163974,204.776524762,-0.0,north
1.41332648132,Z0004,srf215,walls,680769.453473,-0.524377070972,246023.051451,0.851486163974,204.776524762,-0.0,north
4.85316966504,Z0004,srf216,walls,680740.677381,-0.520850101228,246063.640737,0.853648154716,203.370274762,-0.0,north
2.42658483252,Z0004,srf217,walls,680740.677381,-0.520850101228,246063.640737,0.853648154716,202.901524762,-0.0,north
2.42658483252,Z0004,srf218,walls,680745.096473,-0.520850101228,246066.337029,0.853648154716,201.964024762,-0.0,north
4.85316966504,Z0004,srf219,walls,680743.9917,-0.520850101228,246065.662956,0.853648154716,201.964024762,-0.0,north
2.42658483252,Z0004,srf220,walls,680747.30602,-0.520850101228,246067.685175,0.853648154716,203.839024762,-0.0,north
4.85316966504,Z0004,srf221,walls,680747.30602,-0.520850101228,246067.685175,0.853648154716,203.370274762,-0.0,north
4.85316966504,Z0004,srf222,walls,680743.9917,-0.520850101228,246065.662956,0.853648154716,204.776524762,-0.0,north
2.42658483252,Z0004,srf223,walls,680745.096473,-0.520850101228,246066.337029,0.853648154716,204.776524762,-0.0,north
1.15372547803,Z0004,srf224,walls,680773.919915,-0.522278535137,246025.812379,0.852774959608,201.964024762,-0.0,north
0.576862738996,Z0004,srf225,walls,680773.65755,-0.522278535137,246025.651695,0.852774959608,201.964024762,-0.0,north
0.576862739082,Z0004,srf226,walls,680773.132821,-0.522278535137,246025.330326,0.852774959608,203.839024762,-0.0,north
1.15372547816,Z0004,srf227,walls,680773.132821,-0.522278535137,246025.330326,0.852774959608,203.370274762,-0.0,north
0.576862738989,Z0004,srf228,walls,680774.70701,-0.522278535137,246026.294432,0.852774959608,203.839024762,-0.0,north
0.576862738996,Z0004,srf229,walls,680774.18228,-0.522278535137,246025.973063,0.852774959608,204.776524762,-0.0,north
1.15372547798,Z0004,srf230,walls,680774.70701,-0.522278535137,246026.294432,0.852774959608,203.370274762,-0.0,north
1.15372547803,Z0004,srf231,walls,680773.919915,-0.522278535137,246025.812379,0.852774959608,204.776524762,-0.0,north
2.82665296266,Z0004,srf232,walls,680766.88616,-0.524377070972,246021.470404,0.851486163974,207.120274762,-0.0,north
1.41332648133,Z0004,srf233,walls,680766.88616,-0.524377070972,246021.470404,0.851486163974,206.651524762,-0.0,north
1.41332648132,Z0004,srf234,walls,680769.453473,-0.524377070972,246023.051451,0.851486163974,205.714024762,-0.0,north
2.82665296263,Z0004,srf235,walls,680768.811645,-0.524377070972,246022.656189,0.851486163974,205.714024762,-0.0,north
1.4133264813,Z0004,srf236,walls,680770.737129,-0.524377070972,246023.841975,0.851486163974,207.589024762,-0.0,north
2.82665296261,Z0004,srf237,walls,680770.737129,-0.524377070972,246023.841975,0.851486163974,207.120274762,-0.0,north
2.82665296263,Z0004,srf238,walls,680768.811645,-0.524377070972,246022.656189,0.851486163974,208.526524762,-0.0,north
1.41332648132,Z0004,srf239,walls,680769.453473,-0.524377070972,246023.051451,0.851486163974,208.526524762,-0.0,north
4.85316966504,Z0004,srf240,walls,680740.677381,-0.520850101228,246063.640737,0.853648154716,207.120274762,-0.0,north
2.42658483252,Z0004,srf241,walls,680740.677381,-0.520850101228,246063.640737,0.853648154716,206.651524762,-0.0,north
2.42658483252,Z0004,srf242,walls,680745.096473,-0.520850101228,246066.337029,0.853648154716,205.714024762,-0.0,north
4.85316966504,Z0004,srf243,walls,680743.9917,-0.520850101228,246065.662956,0.853648154716,205.714024762,-0.0,north
2.42658483252,Z0004,srf244,walls,680747.30602,-0.520850101228,246067.685175,0.853648154716,207.589024762,-0.0,north
4.85316966504,Z0004,srf245,walls,680747.30602,-0.520850101228,246067.685175,0.853648154716,207.120274762,-0.0,north
4.85316966504,Z0004,srf246,walls,680743.9917,-0.520850101228,246065.662956,0.853648154716,208.526524762,-0.0,north
2.42658483252,Z0004,srf247,walls,680745.096473,-0.520850101228,246066.337029,0.853648154716,208.526524762,-0.0,north
1.15372547803,Z0004,srf248,walls,680773.919915,-0.522278535137,246025.812379,0.852774959608,205.714024762,-0.0,north
0.576862738996,Z0004,srf249,walls,680773.65755,-0.522278535137,246025.651695,0.852774959608,205.714024762,-0.0,north
0.576862739082,Z0004,srf250,walls,680773.132821,-0.522278535137,246025.330326,0.852774959608,207.589024762,-0.0,north
1.15372547816,Z0004,srf251,walls,680773.132821,-0.522278535137,246025.330326,0.852774959608,207.120274762,-0.0,north
0.576862738989,Z0004,srf252,walls,680774.70701,-0.522278535137,246026.294432,0.852774959608,207.589024762,-0.0,north
0.576862738996,Z0004,srf253,walls,680774.18228,-0.522278535137,246025.973063,0.852774959608,208.526524762,-0.0,north
1.15372547798,Z0004,srf254,walls,680774.70701,-0.522278535137,246026.294432,0.852774959608,207.120274762,-0.0,north
1.15372547803,Z0004,srf255,walls,680773.919915,-0.522278535137,246025.812379,0.852774959608,208.526524762,-0.0,north
3.12706473953,Z0004,srf256,walls,680762.589823,0.52096813817,246036.645754,-0.853576123736,195.870274762,-0.0,south
1.56353236977,Z0004,srf257,walls,680762.589823,0.52096813817,246036.645754,-0.853576123736,195.401524762,-0.0,south
1.56353236975,Z0004,srf258,walls,680759.742689,0.52096813817,246034.908046,-0.853576123736,194.464024762,-0.0,south
3.12706473946,Z0004,srf259,walls,680760.454472,0.52096813817,246035.342473,-0.853576123736,194.464024762,-0.0,south
1.56353236966,Z0004,srf260,walls,680758.319122,0.52096813817,246034.039192,-0.853576123736,196.339024762,-0.0,south
3.12706473932,Z0004,srf261,walls,680758.319122,0.52096813817,246034.039192,-0.853576123736,195.870274762,-0.0,south
3.12706473946,Z0004,srf262,walls,680760.454472,0.52096813817,246035.342473,-0.853576123736,197.276524762,-0.0,south
1.56353236975,Z0004,srf263,walls,680759.742689,0.52096813817,246034.908046,-0.853576123736,197.276524762,-0.0,south
4.80183615791,Z0004,srf264,walls,680792.09567,0.52517847708,245996.456701,-0.850992107608,195.870274762,-0.0,south
2.40091807895,Z0004,srf265,walls,680792.09567,0.52517847708,245996.456701,-0.850992107608,195.401524762,-0.0,south
2.40091807894,Z0004,srf266,walls,680787.736924,0.52517847708,245993.766759,-0.850992107608,194.464024762,-0.0,south
4.80183615789,Z0004,srf267,walls,680788.826611,0.52517847708,245994.439244,-0.850992107608,194.464024762,-0.0,south
2.40091807894,Z0004,srf268,walls,680785.557551,0.52517847708,245992.421787,-0.850992107608,196.339024762,-0.0,south
4.80183615788,Z0004,srf269,walls,680785.557551,0.52517847708,245992.421787,-0.850992107608,195.870274762,-0.0,south
4.80183615789,Z0004,srf270,walls,680788.826611,0.52517847708,245994.439244,-0.850992107608,197.276524762,-0.0,south
2.40091807894,Z0004,srf271,walls,680787.736924,0.52517847708,245993.766759,-0.850992107608,197.276524762,-0.0,south
3.12706473953,Z0004,srf272,walls,680762.589823,0.52096813817,246036.645754,-0.853576123736,199.620274762,-0.0,south
1.56353236977,Z0004,srf273,walls,680762.589823,0.52096813817,246036.645754,-0.853576123736,199.151524762,-0.0,south
1.56353236975,Z0004,srf274,walls,680759.742689,0.52096813817,246034.908046,-0.853576123736,198.214024762,-0.0,south
3.12706473946,Z0004,srf275,walls,680760.454472,0.52096813817,246035.342473,-0.853576123736,198.214024762,-0.0,south
1.56353236966,Z0004,srf276,walls,680758.319122,0.52096813817,246034.039192,-0.853576123736,200.089024762,-0.0,south
3.12706473932,Z0004,srf277,walls,680758.319122,0.52096813817,246034.039192,-0.853576123736,199.620274762,-0.0,south
3.12706473946,Z0004,srf278,walls,680760.454472,0.52096813817,246035.342473,-0.853576123736,201.026524762,-0.0,south
1.56353236975,Z0004,srf279,walls,680759.742689,0.52096813817,246034.908046,-0.853576123736,201.026524762,-0.0,south
4.80183615791,Z0004,srf280,walls,680792.09567,0.52517847708,245996.456701,-0.850992107608,199.620274762,-0.0,south
2.40091807895,Z0004,srf281,walls,680792.09567,0.52517847708,245996.456701,-0.850992107608,199.151524762,-0.0,south
2.40091807894,Z0004,srf282,walls,680787.736924,0.52517847708,245993.766759,-0.850992107608,198.214024762,-0.0,south
4.80183615789,Z0004,srf283,walls,680788.826611,0.52517847708,245994.439244,-0.850992107608,198.214024762,-0.0,south
2.40091807894,Z0004,srf284,walls,680785.557551,0.52517847708,245992.421787,-0.850992107608,200.089024762,-0.0,south
4.80183615788,Z0004,srf285,walls,680785.557551,0.52517847708,245992.421787,-0.850992107608,199.620274762,-0.0,south
4.80183615789,Z0004,srf286,walls,680788.826611,0.52517847708,245994.439244,-0.850992107608,201.026524762,-0.0,south
2.40091807894,Z0004,srf287,walls,680787.736924,0.52517847708,245993.766759,-0.850992107608,201.026524762,-0.0,south
3.12706473953,Z0004,srf288,walls,680762.589823,0.52096813817,246036.645754,-0.853576123736,203.370274762,-0.0,south
1.56353236977,Z0004,srf289,walls,680762.589823,0.52096813817,246036.645754,-0.853576123736,202.901524762,-0.0,south
1.56353236975,Z0004,srf290,walls,680759.742689,0.52096813817,246034.908046,-0.853576123736,201.964024762,-0.0,south
3.12706473946,Z0004,srf291,walls,680760.454472,0.52096813817,246035.342473,-0.853576123736,201.964024762,-0.0,south
1.56353236966,Z0004,srf292,walls,680758.319122,0.52096813817,246034.039192,-0.853576123736,203.839024762,-0.0,south
3.12706473932,Z0004,srf293,walls,680758.319122,0.52096813817,246034.039192,-0.853576123736,203.370274762,-0.0,south
3.12706473946,Z0004,srf294,walls,680760.454472,0.52096813817,246035.342473,-0.853576123736,204.776524762,-0.0,south
1.56353236975,Z0004,srf295,walls,680759.742689,0.52096813817,246034.908046,-0.853576123736,204.776524762,-0.0,south
4.80183615791,Z0004,srf296,walls,680792.09567,0.52517847708,245996.456701,-0.850992107608,203.370274762,-0.0,south
2.40091807895,Z0004,srf297,walls,680792.09567,0.52517847708,245996.456701,-0.850992107608,202.901524762,-0.0,south
2.40091807894,Z0004,srf298,walls,680787.736924,0.52517847708,245993.766759,-0.850992107608,201.964024762,-0.0,south
4.80183615789,Z0004,srf299,walls,680788.826611,0.52517847708,245994.439244,-0.850992107608,201.964024762,-0.0,south
2.40091807894,Z0004,srf300,walls,680785.557551,0.52517847708,245992.421787,-0.850992107608,203.839024762,-0.0,south
4.80183615788,Z0004,srf301,walls,680785.557551,0.52517847708,245992.421787,-0.850992107608,203.370274762,-0.0,south
4.80183615789,Z0004,srf302,walls,680788.826611,0.52517847708,245994.439244,-0.850992107608,204.776524762,-0.0,south
2.40091807894,Z0004,srf303,walls,680787.736924,0.52517847708,245993.766759,-0.850992107608,204.776524762,-0.0,south
3.12706473953,Z0004,srf304,walls,680762.589823,0.52096813817,246036.645754,-0.853576123736,207.120274762,-0.0,south
1.56353236977,Z0004,srf305,walls,680762.589823,0.52096813817,246036.645754,-0.853576123736,206.651524762,-0.0,south
1.56353236975,Z0004,srf306,walls,680759.742689,0.52096813817,246034.908046,-0.853576123736,205.714024762,-0.0,south
3.12706473946,Z0004,srf307,walls,680760.454472,0.52096813817,246035.342473,-0.853576123736,205.714024762,-0.0,south
1.56353236966,Z0004,srf308,walls,680758.319122,0.52096813817,246034.039192,-0.853576123736,207.589024762,-0.0,south
3.12706473932,Z0004,srf309,walls,680758.319122,0.52096813817,246034.039192,-0.853576123736,207.120274762,-0.0,south
3.12706473946,Z0004,srf310,walls,680760.454472,0.52096813817,246035.342473,-0.853576123736,208.526524762,-0.0,south
1.56353236975,Z0004,srf311,walls,680759.742689,0.52096813817,246034.908046,-0.853576123736,208.526524762,-0.0,south
4.80183615791,Z0004,srf312,walls,680792.09567,0.52517847708,245996.456701,-0.850992107608,207.120274762,-0.0,south
2.40091807895,Z0004,srf313,walls,680792.09567,0.52517847708,245996.456701,-0.850992107608,206.651524762,-0.0,south
2.40091807894,Z0004,srf314,walls,680787.736924,0.52517847708,245993.766759,-0.850992107608,205.714024762,-0.0,south
4.80183615789,Z0004,srf315,walls,680788.826611,0.52517847708,245994.439244,-0.850992107608,205.714024762,-0.0,south
2.40091807894,Z0004,srf316,walls,680785.557551,0.52517847708,245992.421787,-0.850992107608,207.589024762,-0.0,south
4.80183615788,Z0004,srf317,walls,680785.557551,0.52517847708,245992.421787,-0.850992107608,207.120274762,-0.0,south
4.80183615789,Z0004,srf318,walls,680788.826611,0.52517847708,245994.439244,-0.850992107608,208.526524762,-0.0,south
2.40091807894,Z0004,srf319,walls,680787.736924,0.52517847708,245993.766759,-0.850992107608,208.526524762,-0.0,south
32.3501540076,Z0004,srf320,windows,680775.3476,-0.849362706049,246006.406941,-0.527809618681,195.870274762,0.0,west
14.2423516571,Z0004,srf321,windows,680767.331834,-0.846506634208,246030.653396,-0.532378172206,195.870274762,0.0,west
32.2858814429,Z0004,srf322,windows,680748.581451,-0.85209922382,246048.28048,-0.523380275483,195.870274762,0.0,west
32.3501540076,Z0004,srf323,windows,680775.3476,-0.849362706049,246006.406941,-0.527809618681,199.620274762,0.0,west
14.2423516571,Z0004,srf324,windows,680767.331834,-0.846506634208,246030.653396,-0.532378172206,199.620274762,0.0,west
32.2858814429,Z0004,srf325,windows,680748.581451,-0.85209922382,246048.28048,-0.523380275483,199.620274762,0.0,west
32.3501540076,Z0004,srf326,windows,680775.3476,-0.849362706049,246006.406941,-0.527809618681,203.370274762,0.0,west
14.2423516571,Z0004,srf327,windows,680767.331834,-0.846506634208,246030.653396,-0.532378172206,203.370274762,0.0,west
32.2858814429,Z0004,srf328,windows,680748.581451,-0.85209922382,246048.28048,-0.523380275483,203.370274762,0.0,west
32.3501540076,Z0004,srf329,windows,680775.3476,-0.849362706049,246006.406941,-0.527809618681,207.120274762,0.0,west
14.2423516571,Z0004,srf330,windows,680767.331834,-0.846506634208,246030.653396,-0.532378172206,207.120274762,0.0,west
32.2858814429,Z0004,srf331,windows,680748.581451,-0.85209922382,246048.28048,-0.523380275483,207.120274762,0.0,west
46.5326605407,Z0004,srf332,windows,680760.654541,0.870146840088,246046.760841,0.492792529048,195.870274762,-0.0,east
32.3464899863,Z0004,srf333,windows,680784.085846,0.849461139412,246011.797419,0.527651184618,195.870274762,-0.0,east
46.5326605407,Z0004,srf334,windows,680760.654541,0.870146840088,246046.760841,0.492792529048,199.620274762,-0.0,east
32.3464899863,Z0004,srf335,windows,680784.085846,0.849461139412,246011.797419,0.527651184618,199.620274762,-0.0,east
46.5326605407,Z0004,srf336,windows,680760.654541,0.870146840088,246046.760841,0.492792529048,203.370274762,-0.0,east
32.3464899863,Z0004,srf337,windows,680784.085846,0.849461139412,246011.797419,0.527651184618,203.370274762,-0.0,east
46.5326605407,Z0004,srf338,windows,680760.654541,0.870146840088,246046.760841,0.492792529048,207.120274762,-0.0,east
32.3464899863,Z0004,srf339,windows,680784.085846,0.849461139412,246011.797419,0.527651184618,207.120274762,-0.0,east
5.65330592527,Z0004,srf340,windows,680768.811645,-0.524377070972,246022.656189,0.851486163974,195.870274762,-0.0,north
9.70633933009,Z0004,srf341,windows,680743.9917,-0.520850101228,246065.662956,0.853648154716,195.870274762,-0.0,north
2.30745095598,Z0004,srf342,windows,680773.919915,-0.522278535137,246025.812379,0.852774959608,195.870274762,-0.0,north
5.65330592527,Z0004,srf343,windows,680768.811645,-0.524377070972,246022.656189,0.851486163974,199.620274762,-0.0,north
9.70633933009,Z0004,srf344,windows,680743.9917,-0.520850101228,246065.662956,0.853648154716,199.620274762,-0.0,north
2.30745095598,Z0004,srf345,windows,680773.919915,-0.522278535137,246025.812379,0.852774959608,199.620274762,-0.0,north
5.65330592527,Z0004,srf346,windows,680768.811645,-0.524377070972,246022.656189,0.851486163974,203.370274762,-0.0,north
9.70633933009,Z0004,srf347,windows,680743.9917,-0.520850101228,246065.662956,0.853648154716,203.370274762,-0.0,north
2.30745095598,Z0004,srf348,windows,680773.919915,-0.522278535137,246025.812379,0.852774959608,203.370274762,-0.0,north
5.65330592527,Z0004,srf349,windows,680768.811645,-0.524377070972,246022.656189,0.851486163974,207.120274762,-0.0,north
9.70633933009,Z0004,srf350,windows,680743.9917,-0.520850101228,246065.662956,0.853648154716,207.120274762,-0.0,north
2.30745095598,Z0004,srf351,windows,680773.919915,-0.522278535137,246025.812379,0.852774959608,207.120274762,-0.0,north
6.25412947901,Z0004,srf352,windows,680760.454472,0.52096813817,246035.342473,-0.853576123736,195.870274762,-0.0,south
9.60367231576,Z0004,srf353,windows,680788.826611,0.52517847708,245994.439244,-0.850992107608,195.870274762,-0.0,south
6.25412947901,Z0004,srf354,windows,680760.454472,0.52096813817,246035.342473,-0.853576123736,199.620274762,-0.0,south
9.60367231576,Z0004,srf355,windows,680788.826611,0.52517847708,245994.439244,-0.850992107608,199.620274762,-0.0,south
6.25412947901,Z0004,srf356,windows,680760.454472,0.52096813817,246035.342473,-0.853576123736,203.370274762,-0.0,south
9.60367231576,Z0004,srf357,windows,680788.826611,0.52517847708,245994.439244,-0.850992107608,203.370274762,-0.0,south
6.25412947901,Z0004,srf358,windows,680760.454472,0.52096813817,246035.342473,-0.853576123736,207.120274762,-0.0,south
9.60367231576,Z0004,srf359,windows,680788.826611,0.52517847708,245994.439244,-0.850992107608,207.120274762,-0.0,south
68.5975296238,Z0004,srf360,roofs,680788.180105,0.0,245996.757812,0.0,209.005274762,1.0,top
40.2437033871,Z0004,srf361,roofs,680786.74519,0.0,246006.757812,0.0,209.005274762,1.0,top
0.679191084377,Z0004,srf362,roofs,680783.639391,0.0,246012.497211,0.0,209.005274762,1.0,top
19.5692908092,Z0004,srf363,roofs,680780.714267,0.0,245997.789731,0.0,209.005274762,1.0,top
79.3312356699,Z0004,srf364,roofs,680778.180105,0.0,246006.757812,0.0,209.005274762,1.0,top
77.4485236911,Z0004,srf365,roofs,680778.180105,0.0,246016.757812,0.0,209.005274762,1.0,top
14.2558572217,Z0004,srf366,roofs,680775.533591,0.0,246024.1022,0.0,209.005274762,1.0,top
1.05645153421,Z0004,srf367,roofs,680772.607175,0.0,246010.83584,0.0,209.005274762,1.0,top
41.9932154118,Z0004,srf368,roofs,680769.71484,0.0,246016.757812,0.0,209.005274762,1.0,top
26.4394401835,Z0004,srf369,roofs,680769.914586,0.0,246026.757812,0.0,209.005274762,1.0,top
21.7276600036,Z0004,srf370,roofs,680766.159929,0.0,246036.757812,0.0,209.005274762,1.0,top
0.0775223391687,Z0004,srf371,roofs,680763.328266,0.0,246042.019427,0.0,209.005274762,1.0,top
56.0322954533,Z0004,srf372,roofs,680758.180105,0.0,246037.685556,0.0,209.005274762,1.0,top
74.5690694567,Z0004,srf373,roofs,680758.180105,0.0,246046.757812,0.0,209.005274762,1.0,top
18.9505715808,Z0004,srf374,roofs,680755.496603,0.0,246055.848161,0.0,209.005274762,1.0,top
0.274346403187,Z0004,srf375,roofs,680752.889838,0.0,246041.285236,0.0,209.005274762,1.0,top
36.5165758128,Z0004,srf376,roofs,680749.818715,0.0,246046.757812,0.0,209.005274762,1.0,top
90.3198917249,Z0004,srf377,roofs,680748.180105,0.0,246056.757812,0.0,209.005274762,1.0,top
38.464479709,Z0004,srf378,roofs,680747.66494,0.0,246065.054262,0.0,209.005274762,1.0,top
6.68190007748,Z0004,srf379,roofs,680741.747592,0.0,246059.425582,0.0,209.005274762,1.0,top
7.84018674834,Z0004,srf380,roofs,680741.378961,0.0,246063.456931,0.0,209.005274762,1.0,top
